✅ Daily Log Reset: Mon Jan 19 16:56:19 UTC 2026
Routine verification: Mon Jan 19 18:56:00 UTC 2026
Routine verification: Tue Jan 20 07:01:18 UTC 2026
Log Entry 1 | Day 2 | Tue Jan 20 14:57:43 UTC 2026
Log Entry 2 | Day 2 | Tue Jan 20 14:57:43 UTC 2026
Log Entry 3 | Day 2 | Tue Jan 20 14:57:43 UTC 2026
Log Entry 4 | Day 2 | Tue Jan 20 14:57:43 UTC 2026
Log Entry 5 | Day 2 | Tue Jan 20 14:57:43 UTC 2026
Log Entry 6 | Day 2 | Tue Jan 20 14:57:43 UTC 2026
Log Entry 7 | Day 2 | Tue Jan 20 14:57:43 UTC 2026
Log Entry 8 | Day 2 | Tue Jan 20 14:57:43 UTC 2026
Log Entry 9 | Day 2 | Tue Jan 20 14:57:43 UTC 2026
Log Entry 10 | Day 2 | Tue Jan 20 14:57:43 UTC 2026
Log Entry 11 | Day 2 | Tue Jan 20 14:57:43 UTC 2026
Log Entry 12 | Day 2 | Tue Jan 20 14:57:43 UTC 2026
Log Entry 13 | Day 2 | Tue Jan 20 14:57:43 UTC 2026
Log Entry 14 | Day 2 | Tue Jan 20 14:57:43 UTC 2026
Log Entry 15 | Day 2 | Tue Jan 20 14:57:43 UTC 2026
Log Entry 16 | Day 2 | Tue Jan 20 14:57:43 UTC 2026
Log Entry 17 | Day 2 | Tue Jan 20 14:57:43 UTC 2026
Log Entry 18 | Day 2 | Tue Jan 20 14:57:43 UTC 2026
Log Entry 19 | Day 2 | Tue Jan 20 14:57:43 UTC 2026
Log Entry 20 | Day 2 | Tue Jan 20 14:57:43 UTC 2026
Log Entry 21 | Day 2 | Tue Jan 20 14:57:43 UTC 2026
Log Entry 22 | Day 2 | Tue Jan 20 14:57:43 UTC 2026
Log Entry 23 | Day 2 | Tue Jan 20 14:57:43 UTC 2026
Log Entry 24 | Day 2 | Tue Jan 20 14:57:44 UTC 2026
Log Entry 25 | Day 2 | Tue Jan 20 14:57:44 UTC 2026
Log Entry 26 | Day 2 | Tue Jan 20 14:57:44 UTC 2026
Log Entry 27 | Day 2 | Tue Jan 20 14:57:44 UTC 2026
Log Entry 28 | Day 2 | Tue Jan 20 14:57:44 UTC 2026
Routine verification: Tue Jan 20 17:00:33 UTC 2026
